"company_names, company_domains"
wei corp,Not found
landi,landi.lt
pemkab maros,Not found
brennan it,brennanit.com.au
unam,unam-territoires.fr
design consortium (pvt) ltd,Not found
my virtual sales venture vsv obi,Not found
ironback,Not found
jv,jodyvanv.com
skyplan services ltd.,Not found
crush it,crushiot.com
student,student.org.il
toyota,toyota.co.uk
standard chartered bank,s-c.com
computer network systems,compnetsys.com
global feeders shipping,Not found
maryn international ltd.,Not found
sr. security/risk advisor - ciso,Not found
capsec llc,Not found
kabarak university,kabarak.ac.ke
stylish creations of nc,Not found
no company,Not found
honda,honda.com
mjgc,mjgc.nl
asana,asana.com
r4a bv,Not found
oracle,oracle.com
home,s.to
vaibhavglobal,vaibhavglobal.com
boilermakergames,Not found
navsea,Not found
zenstrategics llc,Not found
johnsmith llc,Not found
medical billing and coding,jfkih.com
ace of space designz,Not found
the globe and mail,theglobeandmail.com
lpl financial,lpl.com
liberty,liberty.com.au
nec australia,nec.com.au
w. capra,Not found
prob0tic,Not found
grupo cencere,Not found
centennial college,centennialcollege.ca
uona,uona.ru
redpoint cybersecurity llc.,Not found
ping identity,pingidentity.com
governing dynamics security services,Not found
computer repairs by mikel,Not found
private,private.com
simstaff,Not found
meddata,meddata.com
it,atmarkit.co.jp
securre,Not found
foodstuff,foodstuff.no
grc3d,Not found
eitan kalantar,Not found
gfsu,Not found
avenir business solution,Not found
lion vision technology,Not found
data imports,Not found
defense security service,Not found
naecs,Not found
matrix property group,matrixproperty.com
apex systems,apexsystems.com
t.b.d.,tbd.community
territory tree nursery,Not found
blank,blankcorp.kr
milner associates,milnerassociates.ca
herman miller,hermanmiller.com
na,nsl-enter.com
pdk,pdk.co.uk
myers and stauffer lc,Not found
neonbright cybersolutions,Not found
it contractor,Not found
safengine,Not found
sentio (fmr. andromium),Not found
consulting assignment,Not found
verizon,verizon.com
abc,abc-cooking.co.jp
daldoul,Not found
maads enterprise,Not found
the pheonix detail corporation.,Not found
michael andrews audio visual services,maavs.com
karunya,karunyakeshav.com
united states marine corps,Not found
wer,wer.org
gkn driveline,Not found
management consultant,managementconsultantinc.com
self,self.com
acld,acld.org
cogent,becogent.co
zayed university,zu.ac.ae
minz,wd-minz.com
amac enterprises,amacent.com
actionet,actionet.com
123 exteriors,123exteriors.com
resources global professionals,Not found
zimmer real estate,Not found
reichtoons,Not found
booz allen hamilton inc.,Not found
"net health systems, inc.",Not found
clayton inc,Not found
veris group,verisgroup.com
contractor,contractorplus.app
sumtotalsystems,sumtotalsystems.com
"d/a central, inc.",Not found
cit,cit-net.com
park venture investments,Not found
kamar ltd,Not found
mfr,mfr-bfc.fr
butte college,butte.edu
(isc)2 raleigh-durham,Not found
sts,sts.pl
ffi info tech pvt ltd,Not found
s&n it corporation,Not found
pdvsa-petroleos-de-venezuela-s.a.,Not found
ok,ok.ru
mycompany,Not found
home office,homeofficedesignideas.com
google.com,Not found
queen's university,queensu.ca
st. philip's college,stphilips.nt.edu.au
billing4docs,Not found
wireless maritime services (a joint venture of at&t and global eagle),Not found
merritt college,merritt.edu
south texas college,southtexascollege.edu
psr nugririton,Not found
midlands technical college,midlandstech.edu
im,imoveisbrambilla.com.br
school,looktone.jp
5 guys,5guyscompany.com
gcit,gocit.vn
david dunphy consulting,Not found
staples canada,staples.ca
union share inc,Not found
clearbit,clearbit.com
adm,adm.com
gesn,gesn.fr
straliabank.net.ru,Not found
interwise,interwise.com.tw
pulse medic,pulsemedicservices.co.uk
cengage learning,Not found
personal,sergiozamorasola.com
iac applications,Not found
lg,lge.co.kr
plc contracting llc,Not found
active aero group,activeaero.com
government,government.report
google,google.com
hct,hct.vn
midlands tech,Not found
bermuda police service,police.bm
digital fingers,thedigitalfingers.com
dm graphic,Not found
amazon,amazon.com
united,united.jp
at&t,att.com
wwp,wwpbeauty.com
starbucks,starbucks.com
stc,stc.com.sa
apple sauce,applesauce.pl
herjavec group,herjavecgroup.com
diebold,diebold.com
durham college,durhamcollege.ca
ua,osvita.ua
gmt,gmt-j.com
student inc,Not found
bobs company,Not found
apple,apple.com
youtube,youtube.com
hp,hp.com
